{"learner":{"attributes":{"best_iteration":"2","best_score":"0.5667989417989417","scikit_learn":"{\"_estimator_type\": \"classifier\"}"},"feature_names":[],"feature_types":[],"gradient_booster":{"model":{"gbtree_model_param":{"num_parallel_tree":"1","num_trees":"13"},"iteration_indptr":[0,1,2,3,4,5,6,7,8,9,10,11,12,13],"tree_info":[0,0,0,0,0,0,0,0,0,0,0,0,0],"trees":[{"base_weights":[1.119181E-5,-6.808188E-1,1.00066796E-1,-9.2039114E-1,1.1840492E-2,1.65212E-1,-1.1800331E-1,1.4925378E-2,-1.243754E-1,9.307977E-2,1.9198557E-3],"categories":[],"categories_nodes":[],"categories_segments":[],"categories_sizes":[],"default_left":[0,0,0,0,0,0,0,0,0,0,0],"id":0,"left_children":[1,3,5,7,-1,9,-1,-1,-1,-1,-1],"loss_changes":[5.446183E0,2.0704017E0,6.007806E0,2.9511118E0,0E0,7.4948587E0,0E0,0E0,0E0,0E0,0E0],"parents":[2147483647,0,0,1,1,2,2,3,3,5,5],"right_children":[2,4,6,8,-1,10,-1,-1,-1,-1,-1],"split_conditions":[-1.0286592E0,2.9726133E-1,1.768259E0,-1.1071304E0,1.1840492E-2,-8.966138E-1,-1.1800331E-1,1.4925378E-2,-1.243754E-1,9.307977E-2,1.9198557E-3],"split_indices":[11,12,19,21,0,0,0,0,0,0,0],"split_type":[0,0,0,0,0,0,0,0,0,0,0],"sum_hessian":[7.794874E1,9.243921E0,6.870482E1,6.9953995E0,2.2485213E0,6.620646E1,2.498357E0,1.7488499E0,5.2465496E0,9.743592E0,5.6462868E1],"tree_param":{"num_deleted":"0","num_feature":"53","num_nodes":"11","size_leaf_vector":"1"}},{"base_weights":[-1.492746E-3,-3.331411E-1,1.9496146E-1,-4.776667E-1,4.3198156E-1,5.3235393E-2,8.845667E-1,-1.8823713E-2,-1.059639E-1,9.588099E-2,-6.9648996E-2,1.2917975E-2,-1.21988274E-1,1.11539E-1,-2.5187079E-2],"categories":[],"categories_nodes":[],"categories_segments":[],"categories_sizes":[],"default_left":[0,0,0,0,0,0,0,0,0,0,0,0,0,0,0],"id":1,"left_children":[1,3,5,7,9,11,13,-1,-1,-1,-1,-1,-1,-1,-1],"loss_changes":[5.205282E0,3.4925878E0,4.8569784E0,4.0909605E0,3.7870674E0,4.2848215E0,2.5080538E0,0E0,0E0,0E0,0E0,0E0,0E0,0E0,0E0],"parents":[2147483647,0,0,1,1,2,2,3,3,4,4,5,5,6,6],"right_children":[2,4,6,8,10,12,14,-1,-1,-1,-1,-1,-1,-1,-1],"split_conditions":[-2.3484586E-1,2.6168317E-1,8.128189E-1,3.6549243E-1,2.7938944E-1,1.600682E0,1.6049995E0,-1.8823713E-2,-1.059639E-1,9.588099E-2,-6.9648996E-2,1.2917975E-2,-1.21988274E-1,1.11539E-1,-2.5187079E-2],"split_indices":[21,5,9,2,5,3,0,0,0,0,0,0,0,0,0],"split_type":[0,0,0,0,0,0,0,0,0,0,0,0,0,0,0],"sum_hessian":[7.789548E1,2.87183E1,4.9177174E1,2.4471521E1,4.246778E0,4.1686966E1,7.4902105E0,1.7227364E1,7.2441583E0,2.997662E0,1.249116E0,4.0188183E1,1.4987823E0,6.2410946E0,1.249116E0],"tree_param":{"num_deleted":"0","num_feature":"53","num_nodes":"15","size_leaf_vector":"1"}},{"base_weights":[-2.848428E-3,1.7088626E-1,-3.3899295E-1,1.3725084E-1,8.375325E-2,-8.773998E-1,2.3388176E-1,2.8282125E-2,-4.7856256E-2,-1.1600369E-1,-7.8616285E-4,5.6712598E-2,-1.0408389E-1],"categories":[],"categories_nodes":[],"categories_segments":[],"categories_sizes":[],"default_left":[0,0,0,0,0,0,0,0,0,0,0,0,0],"id":2,"left_children":[1,3,5,-1,7,9,11,-1,-1,-1,-1,-1,-1],"loss_changes":[4.661039E0,5.3952746E0,8.592354E0,0E0,5.747415E0,3.487667E0,6.5220685E0,0E0,0E0,0E0,0E0,0E0,0E0],"parents":[2147483647,0,0,1,1,2,2,4,4,5,5,6,6],"right_children":[2,4,6,-1,8,10,12,-1,-1,-1,-1,-1,-1],"split_conditions":[2.2813407E-1,-1.2719615E0,9.3359E-1,1.3725084E-1,2.9499203E-1,4.7908202E-1,2.8091905E-1,2.8282125E-2,-4.7856256E-2,-1.1600369E-1,-7.8616285E-4,5.6712598E-2,-1.0408389E-1],"split_indices":[13,16,2,0,15,16,5,0,0,0,0,0,0],"split_type":[0,0,0,0,0,0,0,0,0,0,0,0,0],"sum_hessian":[7.782041E1,5.1628235E1,2.6192177E1,2.4932187E0,4.9135017E1,1.32282505E1,1.2963926E1,3.6655483E1,1.2479533E1,9.7311325E0,3.4971182E0,1.0717261E1,2.2466655E0],"tree_param":{"num_deleted":"0","num_feature":"53","num_nodes":"13","size_leaf_vector":"1"}},{"base_weights":[-3.1446074E-3,-1.995636E-1,2.8067446E-1,7.837508E-1,-2.960415E-1,4.8616317E-1,-5.095267E-1,-7.781237E-3,1.2401664E-1,-3.791846E-2,9.586642E-2,9.462862E-2,5.6029237E-3,-9.7091556E-2,3.6028784E-2],"categories":[],"categories_nodes":[],"categories_segments":[],"categories_sizes":[],"default_left":[0,0,0,0,0,0,0,0,0,0,0,0,0,0,0],"id":3,"left_children":[1,3,5,7,9,11,13,-1,-1,-1,-1,-1,-1,-1,-1],"loss_changes":[4.441711E0,4.6982837E0,5.539948E0,1.8584008E0,4.911667E0,5.167491E0,3.2451863E0,0E0,0E0,0E0,0E0,0E0,0E0,0E0,0E0],"parents":[2147483647,0,0,1,1,2,2,3,3,4,4,5,5,6,6],"right_children":[2,4,6,8,10,12,14,-1,-1,-1,-1,-1,-1,-1,-1],"split_conditions":[3.9149812E-1,-2.6449287E-2,1.2120768E0,6.0373284E-2,2.1424854E0,-4.059569E-1,4.3929294E-3,-7.781237E-3,1.2401664E-1,-3.791846E-2,9.586642E-2,9.462862E-2,5.6029237E-3,-9.7091556E-2,3.6028784E-2],"split_indices":[8,5,8,4,15,4,15,0,0,0,0,0,0,0,0],"split_type":[0,0,0,0,0,0,0,0,0,0,0,0,0,0,0],"sum_hessian":[7.767083E1,4.6078644E1,3.1592188E1,3.4805748E0,4.259807E1,2.5377604E1,6.214586E0,1.4925827E0,1.9879922E0,4.0605156E1,1.9929115E0,1.1681589E1,1.3696013E1,3.9846923E0,2.2298932E0],"tree_param":{"num_deleted":"0","num_feature":"53","num_nodes":"15","size_leaf_vector":"1"}},{"base_weights":[-4.5438082E-5,-2.9236874E-1,1.7304042E-1,-3.8014704E-1,6.164834E-2,2.4025856E-1,-9.6546344E-2,-4.7254633E-2,5.4683037E-2,2.0132388E-3,7.802869E-2],"categories":[],"categories_nodes":[],"categories_segments":[],"categories_sizes":[],"default_left":[0,0,0,0,0,0,0,0,0,0,0],"id":4,"left_children":[1,3,5,7,-1,9,-1,-1,-1,-1,-1],"loss_changes":[4.023655E0,2.5937557E0,4.054453E0,2.6214185E0,0E0,5.6860976E0,0E0,0E0,0E0,0E0,0E0],"parents":[2147483647,0,0,1,1,2,2,3,3,5,5],"right_children":[2,4,6,8,-1,10,-1,-1,-1,-1,-1],"split_conditions":[-2.3484586E-1,2.1010213E0,1.7003838E0,1.6283572E0,6.164834E-2,5.275748E-1,-9.6546344E-2,-4.7254633E-2,5.4683037E-2,2.0132388E-3,7.802869E-2],"split_indices":[21,15,0,1,0,8,0,0,0,0,0],"split_type":[0,0,0,0,0,0,0,0,0,0,0],"sum_hessian":[7.752364E1,2.8574778E1,4.8948868E1,2.6588545E1,1.9862326E0,4.696499E1,1.9838789E0,2.4624273E1,1.9642708E0,3.410173E1,1.2863257E1],"tree_param":{"num_deleted":"0","num_feature":"53","num_nodes":"11","size_leaf_vector":"1"}},{"base_weights":[6.7334453E-4,-5.6520754E-1,8.394667E-2,2.401789E-2,-7.60211E-1,9.0333027E-1,-7.500596E-3,2.5349665E-2,-9.71156E-2,1.2004701E-1,-2.525631E-2,8.560784E-3,-6.6466205E-2],"categories":[],"categories_nodes":[],"categories_segments":[],"categories_sizes":[],"default_left":[0,0,0,0,0,0,0,0,0,0,0,0,0],"id":5,"left_children":[1,3,5,-1,7,9,11,-1,-1,-1,-1,-1,-1],"loss_changes":[3.7403936E0,1.7817671E0,5.1909227E0,0E0,2.0504675E0,2.6918044E0,3.9258735E0,0E0,0E0,0E0,0E0,0E0,0E0],"parents":[2147483647,0,0,1,1,2,2,4,4,5,5,6,6],"right_children":[2,4,6,-1,8,10,12,-1,-1,-1,-1,-1,-1],"split_conditions":[-1.0286592E0,-2.4133203E0,-8.718388E-1,2.401789E-2,-1.1071304E0,5.62504E-1,1.1345044E0,2.5349665E-2,-9.71156E-2,1.2004701E-1,-2.525631E-2,8.560784E-3,-6.6466205E-2],"split_indices":[11,11,8,0,21,9,17,0,0,0,0,0,0],"split_type":[0,0,0,0,0,0,0,0,0,0,0,0,0],"sum_hessian":[7.73686E1,9.182419E0,6.818618E1,1.7447478E0,7.437671E0,5.9545155E0,6.2231663E1,1.2463841E0,6.191287E0,4.7061615E0,1.2483542E0,5.5270515E1,6.9611473E0],"tree_param":{"num_deleted":"0","num_feature":"53","num_nodes":"13","size_leaf_vector":"1"}},{"base_weights":[4.8728622E-4,4.645004E-2,-1.0050221E-1,6.358991E-1,-7.258214E-2,1.0543294E-1,-3.0652577E-2,-1.8523498E-2,7.743897E-2],"categories":[],"categories_nodes":[],"categories_segments":[],"categories_sizes":[],"default_left":[0,0,0,0,0,0,0,0,0],"id":6,"left_children":[1,3,-1,5,7,-1,-1,-1,-1],"loss_changes":[3.6637154E0,5.364427E0,0E0,5.385452E0,6.246205E0,0E0,0E0,0E0,0E0],"parents":[2147483647,0,0,1,1,3,3,4,4],"right_children":[2,4,-1,6,8,-1,-1,-1,-1],"split_conditions":[1.768259E0,-8.966138E-1,-1.0050221E-1,2.514099E-1,1.3002938E0,1.0543294E-1,-3.0652577E-2,-1.8523498E-2,7.743897E-2],"split_indices":[19,0,0,15,19,0,0,0,0],"split_type":[0,0,0,0,0,0,0,0,0],"sum_hessian":[7.726367E1,7.479838E1,2.4652982E0,1.1837358E1,6.2961018E1,8.115424E0,3.7219346E0,5.6259438E1,6.7015777E0],"tree_param":{"num_deleted":"0","num_feature":"53","num_nodes":"9",